,start_day,TRIP ID
0,01/01/2014,123
1,01/02/2014,112
2,01/03/2014,6
3,01/04/2014,205
4,01/05/2014,33
5,01/06/2014,1
6,01/09/2014,860
7,01/10/2014,823
8,01/11/2014,829
9,01/12/2014,996
10,01/13/2014,2645
11,01/14/2014,2149
12,01/15/2014,1734
13,01/16/2014,1716
14,01/17/2014,1427
15,01/18/2014,414
16,01/19/2014,562
17,01/20/2014,1208
18,01/21/2014,877
19,01/22/2014,923
20,01/23/2014,924
21,01/24/2014,896
22,01/25/2014,434
23,01/26/2014,329
24,01/27/2014,406
25,01/28/2014,451
26,01/29/2014,1072
27,01/30/2014,1351
28,01/31/2014,1570
29,02/01/2014,242
30,02/02/2014,401
31,02/03/2014,1212
32,02/04/2014,1208
33,02/05/2014,509
34,02/06/2014,735
35,02/07/2014,735
36,02/08/2014,300
37,02/09/2014,338
38,02/10/2014,882
39,02/11/2014,1075
40,02/12/2014,1281
41,02/13/2014,1389
42,02/14/2014,1338
43,02/15/2014,728
44,02/16/2014,530
45,02/17/2014,475
46,02/18/2014,1399
47,02/19/2014,2235
48,02/20/2014,1005
49,02/21/2014,1378
50,02/22/2014,1114
51,02/23/2014,789
52,02/24/2014,1539
53,02/25/2014,1527
54,02/26/2014,1139
55,02/27/2014,1111
56,02/28/2014,1473
57,03/01/2014,590
58,03/02/2014,329
59,03/03/2014,963
60,03/04/2014,1521
61,03/05/2014,910
62,03/06/2014,1614
63,03/07/2014,2522
64,03/08/2014,827
65,03/09/2014,1104
66,03/10/2014,4060
67,03/11/2014,3121
68,03/12/2014,940
69,03/13/2014,1742
70,03/14/2014,3783
71,03/15/2014,1894
72,03/16/2014,749
73,03/17/2014,2354
74,03/18/2014,3684
75,03/19/2014,2015
76,03/20/2014,3108
77,03/21/2014,4199
78,03/22/2014,2314
79,03/23/2014,984
80,03/24/2014,2429
81,03/25/2014,2096
82,03/26/2014,2571
83,03/27/2014,1945
84,03/28/2014,2559
85,03/29/2014,1920
86,03/30/2014,4865
87,03/31/2014,5596
88,04/01/2014,3756
89,04/02/2014,3733
90,04/03/2014,1745
91,04/04/2014,2609
92,04/05/2014,3994
93,04/06/2014,4732
94,04/07/2014,4253
95,04/08/2014,4868
96,04/09/2014,6322
97,04/10/2014,5990
98,04/11/2014,8823
99,04/12/2014,10956
100,06/30/2013,1812
101,07/01/2013,1559
102,07/24/2013,2663
103,07/25/2013,2810
104,07/26/2013,2157
105,07/27/2013,3334
106,07/28/2013,3349
107,07/29/2013,3108
108,07/30/2013,2412
109,07/31/2013,2294
110,08/01/2013,3568
111,11/19/2013,3567
112,11/20/2013,3336
113,11/21/2013,3173
114,11/22/2013,3094
115,11/23/2013,1350
116,11/24/2013,950
117,11/25/2013,2159
118,11/26/2013,2715
119,11/27/2013,1936
120,11/28/2013,597
121,11/29/2013,1282
122,11/30/2013,2141
123,12/01/2013,1396
124,12/02/2013,3248
125,12/03/2013,3536
126,12/04/2013,3889
127,12/05/2013,2853
128,12/06/2013,2338
129,12/07/2013,1067
130,12/08/2013,488
131,12/09/2013,1317
132,12/10/2013,1270
133,12/11/2013,1207
134,12/12/2013,1241
135,12/13/2013,1858
136,12/14/2013,346
137,12/15/2013,432
138,12/16/2013,1255
139,12/17/2013,1647
140,12/18/2013,1985
141,12/19/2013,2381
142,12/20/2013,1632
143,12/21/2013,704
144,12/22/2013,635
145,12/23/2013,1086
146,12/24/2013,389
147,12/25/2013,125
148,12/26/2013,785
149,12/27/2013,1594
150,12/28/2013,1899
151,12/29/2013,625
152,12/30/2013,933
153,12/31/2013,512
154,12/31/2015,1853
155,04/13/2014,3274
156,04/14/2014,1777
157,04/15/2014,2470
158,04/16/2014,4298
159,04/17/2014,6336
160,04/18/2014,5419
161,04/19/2014,7539
162,04/20/2014,10028
163,04/21/2014,6410
164,04/22/2014,6207
165,04/23/2014,5456
166,04/24/2014,5699
167,04/25/2014,8976
168,04/26/2014,5902
169,04/27/2014,3796
170,04/28/2014,2732
171,04/29/2014,5195
172,04/30/2014,5181
173,05/01/2014,3296
174,05/02/2014,5403
175,05/03/2014,9264
176,05/04/2014,4940
177,05/05/2014,5586
178,05/06/2014,7036
179,05/07/2014,7491
180,05/08/2014,10058
181,05/09/2014,7053
182,05/10/2014,12879
183,05/11/2014,8360
184,05/12/2014,8193
185,05/13/2014,6536
186,05/14/2014,6684
187,05/15/2014,4399
188,05/16/2014,3775
189,05/17/2014,7430
190,05/18/2014,11164
191,05/19/2014,9639
192,05/20/2014,10551
193,07/02/2013,1108
194,08/02/2013,3394
195,08/03/2013,5959
196,08/04/2013,5487
197,08/05/2013,3381
198,08/06/2013,3913
199,08/07/2013,3264
200,05/21/2014,11208
201,05/22/2014,10135
202,05/23/2014,10767
203,05/24/2014,12922
204,05/25/2014,16391
205,05/26/2014,12865
206,05/27/2014,8495
207,05/28/2014,8511
208,05/29/2014,10249
209,05/30/2014,12016
210,05/31/2014,15449
211,06/01/2014,13519
212,06/02/2014,9691
213,06/03/2014,12590
214,06/04/2014,6239
215,06/05/2014,11896
216,06/06/2014,13993
217,06/07/2014,15582
218,06/08/2014,10901
219,06/09/2014,10932
220,06/10/2014,4815
221,07/03/2013,1007
222,08/08/2013,4396
223,08/09/2013,4975
224,08/10/2013,7148
225,08/11/2013,5730
226,06/11/2014,7629
227,06/12/2014,10814
228,06/13/2014,13019
229,06/14/2014,16562
230,06/15/2014,10778
231,06/16/2014,12935
232,06/17/2014,11592
233,06/18/2014,8053
234,06/19/2014,10301
235,06/20/2014,12424
236,06/21/2014,11989
237,06/22/2014,13370
238,06/23/2014,9598
239,06/24/2014,10322
240,06/25/2014,11450
241,06/26/2014,11612
242,06/27/2014,14661
243,06/28/2014,14537
244,06/29/2014,14777
245,06/30/2014,9426
246,07/01/2014,13279
247,07/04/2013,2956
248,08/12/2013,3983
249,08/13/2013,4724
250,08/14/2013,4726
251,08/15/2013,4811
252,08/16/2013,6132
253,07/02/2014,9657
254,07/03/2014,13072
255,07/04/2014,15283
256,07/05/2013,2463
257,07/05/2014,14301
258,07/06/2014,12603
259,07/07/2014,12427
260,07/08/2014,11942
261,07/09/2014,13452
262,07/10/2014,14504
263,07/11/2014,12702
264,07/12/2014,7904
265,07/13/2014,13795
266,07/14/2014,11422
267,07/15/2014,11920
268,07/16/2014,13249
269,07/17/2014,13716
270,07/18/2014,15019
271,07/19/2014,17849
272,07/20/2014,14680
273,08/17/2013,8299
274,08/18/2013,7798
275,08/19/2013,5709
276,07/06/2013,3001
277,07/21/2014,13439
278,07/22/2014,12467
279,07/23/2014,12748
280,07/24/2014,13975
281,07/25/2014,13055
282,07/26/2014,14823
283,07/27/2014,13880
284,07/28/2014,12632
285,07/29/2014,12711
286,07/30/2014,13536
287,07/31/2014,14298
288,08/01/2014,13399
289,08/02/2014,17237
290,08/03/2014,11007
291,08/04/2014,11492
292,08/05/2014,12713
293,08/06/2014,13802
294,08/07/2014,13810
295,08/20/2013,5921
296,08/21/2013,5722
297,08/22/2013,3856
298,08/23/2013,7072
299,08/08/2014,14308
300,08/09/2014,16612
301,08/10/2014,14206
302,08/11/2014,11015
303,08/12/2014,9909
304,08/13/2014,13776
305,08/14/2014,13482
306,08/15/2014,14549
307,08/16/2014,14970
308,08/17/2014,10862
309,08/18/2014,13282
310,08/19/2014,10299
311,08/20/2014,13399
312,08/21/2014,6081
313,08/22/2014,11924
314,08/23/2014,9948
315,08/24/2013,9811
316,08/24/2014,13550
317,08/25/2013,8272
318,08/25/2014,9829
319,08/26/2013,5887
320,08/26/2014,11699
321,08/27/2014,12458
322,07/07/2013,2377
323,08/27/2013,5109
324,08/28/2013,5335
325,08/28/2014,12481
326,08/29/2013,5828
327,08/29/2014,11930
328,08/30/2013,5191
329,08/30/2014,12320
330,08/31/2013,5107
331,08/31/2014,15768
332,09/01/2014,11358
333,09/02/2014,11590
334,09/03/2014,11923
335,09/04/2014,9802
336,09/05/2014,8805
337,09/06/2014,14097
338,09/07/2014,12489
339,09/08/2014,11577
340,09/09/2014,11284
341,09/10/2014,6004
342,09/11/2014,8905
343,09/12/2014,5350
344,09/13/2014,9295
345,09/14/2014,10164
346,09/15/2014,8863
347,09/16/2014,10454
348,09/17/2014,10683
349,09/18/2014,10549
350,09/19/2014,11847
351,06/27/2013,95
352,07/08/2013,1105
353,07/09/2013,1502
354,09/01/2013,9804
355,09/02/2013,9101
356,09/03/2013,5951
357,09/20/2014,8933
358,09/21/2014,8014
359,09/22/2014,10187
360,09/23/2014,10717
361,09/24/2014,10700
362,09/25/2014,10784
363,09/26/2014,12021
364,09/27/2014,12363
365,09/28/2014,11156
366,09/29/2014,10377
367,09/30/2014,8222
368,10/01/2014,10149
369,10/02/2014,8668
370,10/03/2014,5957
371,10/04/2014,2944
372,10/05/2014,5702
373,10/06/2014,8379
374,10/07/2014,9542
375,10/08/2014,9734
376,10/09/2014,9179
377,10/10/2014,9159
378,10/11/2014,9389
379,10/12/2014,8578
380,10/13/2014,5898
381,10/14/2014,2856
382,10/15/2014,6208
383,10/16/2014,7665
384,10/17/2014,8469
385,09/04/2013,6022
386,09/05/2013,5956
387,09/06/2013,7186
388,09/07/2013,8650
389,10/18/2014,4371
390,10/19/2014,6612
391,10/20/2014,8538
392,10/21/2014,7665
393,10/22/2014,8212
394,10/23/2014,8032
395,10/24/2014,8838
396,10/25/2014,11010
397,10/26/2014,8069
398,10/27/2014,9997
399,10/28/2014,8524
400,10/29/2014,7509
401,10/30/2014,7450
402,10/31/2014,4010
403,11/01/2014,3621
404,11/02/2014,4460
405,11/03/2014,7503
406,11/04/2014,6867
407,11/05/2014,7769
408,11/06/2014,5858
409,11/07/2014,6158
410,11/08/2014,4091
411,11/09/2014,3629
412,11/10/2014,7264
413,11/11/2014,4764
414,11/12/2014,4604
415,11/13/2014,3932
416,11/14/2014,4054
417,11/15/2014,2264
418,11/16/2014,1710
419,11/17/2014,3091
420,11/18/2014,2801
421,11/19/2014,3581
422,11/20/2014,3424
423,11/21/2014,3708
424,11/22/2014,2504
425,11/23/2014,1665
426,11/24/2014,1993
427,11/25/2014,3200
428,11/26/2014,2635
429,11/27/2014,706
430,11/28/2014,1265
431,11/29/2014,2706
432,11/30/2014,2048
433,12/01/2014,3127
434,12/02/2014,3866
435,12/03/2014,4114
436,12/04/2014,4177
437,12/05/2014,4266
438,01/01/2015,862
439,01/02/2015,2474
440,01/03/2015,697
441,01/04/2015,403
442,01/05/2015,1220
443,01/06/2015,951
444,01/07/2015,749
445,01/08/2015,615
446,01/09/2015,858
447,01/10/2015,592
448,01/11/2015,777
449,01/12/2015,1343
450,01/13/2015,1670
451,01/14/2015,1804
452,01/15/2015,2301
453,01/16/2015,2766
454,01/17/2015,1878
455,01/18/2015,1739
456,01/19/2015,2498
457,01/20/2015,3311
458,01/21/2015,3357
459,01/22/2015,3483
460,01/23/2015,3369
461,01/24/2015,2615
462,01/25/2015,698
463,01/26/2015,2389
464,01/27/2015,2690
465,01/28/2015,3121
466,01/29/2015,3119
467,01/30/2015,3018
468,01/31/2015,1911
469,02/01/2015,141
470,02/02/2015,503
471,02/03/2015,804
472,02/04/2015,962
473,02/05/2015,991
474,02/06/2015,1455
475,02/07/2015,1351
476,02/08/2015,899
477,02/09/2015,1732
478,02/10/2015,2431
479,02/11/2015,2626
480,02/12/2015,1710
481,02/13/2015,1817
482,02/14/2015,619
483,02/15/2015,253
484,02/16/2015,1248
485,02/17/2015,1897
486,02/18/2015,1402
487,02/19/2015,946
488,02/20/2015,1403
489,02/21/2015,1135
490,02/22/2015,795
491,02/23/2015,1427
492,02/24/2015,1865
493,02/25/2015,1647
494,02/26/2015,933
495,02/27/2015,1314
496,02/28/2015,832
497,03/01/2015,720
498,03/02/2015,2134
499,03/03/2015,1611
500,03/04/2015,2179
501,03/05/2015,1857
502,03/06/2015,1989
503,03/07/2015,2486
504,03/08/2015,1817
505,03/09/2015,4362
506,03/10/2015,4990
507,03/11/2015,4937
508,03/12/2015,5184
509,03/13/2015,6707
510,03/14/2015,5753
511,03/15/2015,6171
512,03/16/2015,8012
513,03/17/2015,4151
514,03/18/2015,4566
515,03/19/2015,4360
516,03/20/2015,4967
517,07/10/2013,1901
518,09/08/2013,6403
519,09/09/2013,5618
520,09/10/2013,5612
521,09/11/2013,5530
522,12/06/2014,2399
523,12/07/2014,1864
524,12/08/2014,2440
525,12/09/2014,3000
526,12/10/2014,3508
527,12/11/2014,3769
528,12/12/2014,3718
529,12/13/2014,2805
530,12/14/2014,3224
531,12/15/2014,3446
532,12/16/2014,3728
533,12/17/2014,3534
534,12/18/2014,3457
535,12/19/2014,3602
536,12/20/2014,1918
537,12/21/2014,1648
538,12/22/2014,2064
539,12/23/2014,3650
540,12/24/2014,1173
541,12/25/2014,812
542,12/26/2014,2566
543,12/27/2014,1300
544,12/28/2014,1323
545,12/29/2014,2682
546,12/30/2014,2180
547,12/31/2014,1417
548,03/21/2015,3739
549,03/22/2015,1801
550,03/23/2015,957
551,03/24/2015,2123
552,03/25/2015,3026
553,03/26/2015,3487
554,03/27/2015,2234
555,03/28/2015,1890
556,03/29/2015,1211
557,03/30/2015,4279
558,03/31/2015,4233
559,04/01/2015,6203
560,04/02/2015,4313
561,04/03/2015,4034
562,04/04/2015,4860
563,04/05/2015,5194
564,04/06/2015,4604
565,04/07/2015,3096
566,04/08/2015,3594
567,04/09/2015,2667
568,04/10/2015,4677
569,04/11/2015,8956
570,04/12/2015,7673
571,04/13/2015,6764
572,04/14/2015,8179
573,04/15/2015,7444
574,04/16/2015,6411
575,04/17/2015,10271
576,04/18/2015,8416
577,04/19/2015,4366
578,04/20/2015,4607
579,04/21/2015,5449
580,04/22/2015,4854
581,04/23/2015,6340
582,04/24/2015,6163
583,04/25/2015,2151
584,04/26/2015,5617
585,04/27/2015,7019
586,04/28/2015,7726
587,04/29/2015,7752
588,04/30/2015,6828
589,05/01/2015,8984
590,05/02/2015,12932
591,05/03/2015,9588
592,05/04/2015,8528
593,06/28/2013,897
594,07/11/2013,2308
595,09/12/2013,6090
596,09/13/2013,5992
597,09/14/2013,8953
598,09/15/2013,1606
599,05/05/2015,5209
600,05/06/2015,8780
601,05/07/2015,12203
602,05/08/2015,8202
603,05/09/2015,5614
604,05/10/2015,3109
605,05/11/2015,6479
606,05/12/2015,7785
607,05/13/2015,8316
608,05/14/2015,8449
609,05/15/2015,11566
610,05/16/2015,13679
611,05/17/2015,11921
612,05/18/2015,13613
613,05/19/2015,8627
614,05/20/2015,6445
615,05/21/2015,11786
616,05/22/2015,12018
617,05/23/2015,17588
618,05/24/2015,10181
619,05/25/2015,13066
620,05/26/2015,9405
621,05/27/2015,13166
622,05/28/2015,14842
623,07/12/2013,2552
624,09/16/2013,5358
625,09/17/2013,6121
626,09/18/2013,4292
627,09/19/2013,4770
628,09/20/2013,6560
629,05/29/2015,12688
630,05/30/2015,2669
631,05/31/2015,4377
632,06/01/2015,9792
633,06/02/2015,12704
634,06/03/2015,14277
635,06/04/2015,14595
636,06/05/2015,11130
637,06/06/2015,16901
638,06/07/2015,8511
639,06/08/2015,11221
640,06/09/2015,16398
641,06/10/2015,15473
642,06/11/2015,12856
643,06/12/2015,7183
644,06/13/2015,16814
645,06/14/2015,12758
646,06/15/2015,6790
647,06/16/2015,15902
648,06/17/2015,11069
649,06/18/2015,14546
650,07/13/2013,3345
651,09/21/2013,8839
652,09/22/2013,7808
653,09/23/2013,5934
654,06/19/2015,14771
655,06/20/2015,15422
656,06/21/2015,17731
657,06/22/2015,11838
658,06/23/2015,18106
659,06/24/2015,15685
660,06/25/2015,13258
661,06/26/2015,9237
662,06/27/2015,21703
663,06/28/2015,18954
664,06/29/2015,13731
665,06/30/2015,16491
666,07/01/2015,15630
667,07/02/2015,15936
668,07/03/2015,21289
669,07/14/2013,3309
670,09/24/2013,6400
671,09/25/2013,6356
672,09/26/2013,6742
673,07/04/2015,24801
674,07/05/2015,20064
675,07/06/2015,14553
676,07/07/2015,11903
677,07/08/2015,13755
678,07/09/2015,15114
679,07/10/2015,18434
680,07/11/2015,18408
681,07/12/2015,20987
682,07/13/2015,12783
683,07/14/2015,15631
684,07/15/2015,16570
685,07/16/2015,10584
686,07/17/2015,16287
687,07/18/2015,17864
688,09/27/2013,7875
689,09/28/2013,10573
690,09/29/2013,7819
691,07/15/2013,2028
692,07/19/2015,20457
693,07/20/2015,16904
694,07/21/2015,17907
695,07/22/2015,17757
696,07/23/2015,17639
697,07/24/2015,18238
698,07/25/2015,19392
699,07/26/2015,16590
700,07/27/2015,16493
701,07/28/2015,16449
702,07/29/2015,17539
703,07/30/2015,18847
704,07/31/2015,18906
705,08/01/2015,20670
706,09/30/2013,7109
707,10/01/2013,6875
708,10/02/2013,7180
709,07/16/2013,2057
710,08/02/2015,15119
711,08/03/2015,16719
712,08/04/2015,18373
713,08/05/2015,17878
714,08/06/2015,17792
715,08/07/2015,18254
716,08/08/2015,19214
717,08/09/2015,13644
718,08/10/2015,15219
719,08/11/2015,17489
720,08/12/2015,17479
721,08/13/2015,17134
722,08/14/2015,15922
723,08/15/2015,17980
724,10/03/2013,4845
725,10/04/2013,7400
726,10/05/2013,5986
727,07/17/2013,1825
728,08/16/2015,16633
729,08/17/2015,14096
730,08/18/2015,12765
731,08/19/2015,15505
732,08/20/2015,15862
733,08/21/2015,17010
734,08/22/2015,19768
735,08/23/2015,14294
736,08/24/2015,14821
737,08/25/2015,14302
738,08/26/2015,13905
739,08/27/2015,14746
740,08/28/2015,15428
741,08/29/2015,7461
742,08/30/2015,14084
743,08/31/2015,15463
744,09/01/2015,15260
745,10/06/2013,5821
746,10/07/2013,6042
747,10/08/2013,7022
748,10/09/2013,7141
749,07/18/2013,1728
750,09/02/2015,14448
751,09/03/2015,14493
752,09/04/2015,15520
753,09/05/2015,18394
754,09/06/2015,17823
755,09/07/2015,14761
756,09/08/2015,9880
757,09/09/2015,14354
758,09/10/2015,12630
759,09/11/2015,9543
760,09/12/2015,12321
761,09/13/2015,13899
762,09/14/2015,14461
763,09/15/2015,15287
764,09/16/2015,15603
765,09/17/2015,12830
766,09/18/2015,10355
767,10/10/2013,7860
768,10/11/2013,9269
769,06/29/2013,1201
770,07/19/2013,2004
771,09/19/2015,18571
772,09/20/2015,14686
773,09/21/2015,15106
774,09/22/2015,15188
775,09/23/2015,14982
776,09/24/2015,14533
777,09/25/2015,14786
778,09/26/2015,16925
779,09/27/2015,13382
780,09/28/2015,14626
781,09/29/2015,10136
782,09/30/2015,12312
783,10/01/2015,11020
784,10/02/2015,10890
785,10/03/2015,6226
786,10/04/2015,6413
787,10/05/2015,11011
788,10/06/2015,12380
789,10/07/2015,12942
790,10/12/2013,8500
791,10/13/2013,8966
792,10/14/2013,7469
793,07/20/2013,3655
794,10/08/2015,12779
795,10/09/2015,11708
796,10/10/2015,12472
797,10/11/2015,14639
798,10/12/2015,13870
799,10/13/2015,11744
800,10/14/2015,11849
801,10/15/2013,5271
802,10/15/2015,11528
803,10/16/2013,5539
804,10/16/2015,11158
805,10/17/2013,3562
806,10/17/2015,8125
807,10/18/2013,5080
808,10/18/2015,8357
809,10/19/2015,11373
810,10/20/2015,12102
811,10/21/2015,12768
812,10/22/2015,11483
813,10/23/2015,9681
814,10/24/2015,6511
815,10/25/2015,9334
816,10/26/2015,10746
817,10/27/2015,7306
818,10/28/2015,6385
819,10/29/2015,7586
820,10/30/2015,9881
821,10/19/2013,5132
822,10/20/2013,4845
823,10/21/2013,4821
824,10/22/2013,3814
825,10/23/2013,4169
826,10/31/2015,2042
827,11/01/2015,8854
828,11/02/2015,12063
829,11/03/2015,12503
830,11/04/2015,11875
831,11/05/2015,10846
832,11/06/2015,8786
833,11/07/2015,7113
834,11/08/2015,6535
835,11/09/2015,8734
836,11/10/2015,9157
837,11/11/2015,8208
838,11/12/2015,5989
839,11/13/2015,6721
840,11/14/2015,6179
841,11/15/2015,7707
842,11/16/2015,7990
843,11/17/2015,5915
844,11/18/2015,6971
845,11/19/2015,6462
846,11/20/2015,5973
847,11/21/2015,818
848,11/22/2015,1112
849,11/23/2015,4273
850,11/24/2015,5481
851,11/25/2015,5253
852,11/26/2015,1324
853,11/27/2015,1046
854,11/28/2015,2284
855,11/29/2015,2604
856,11/30/2015,5015
857,12/01/2015,6413
858,12/02/2015,4584
859,12/03/2015,4975
860,12/04/2015,1415
861,12/05/2015,2774
862,12/06/2015,3883
863,12/07/2015,5946
864,12/08/2015,6726
865,12/09/2015,7392
866,06/09/2016,11767
867,06/10/2016,17519
868,06/11/2016,17943
869,06/12/2016,15238
870,06/13/2016,16218
871,06/14/2016,15269
872,07/21/2013,3545
873,07/22/2013,2734
874,07/23/2013,2671
875,10/24/2013,4301
876,10/25/2013,4708
877,10/26/2013,4146
878,10/27/2013,3855
879,10/28/2013,4551
880,10/29/2013,4984
881,10/30/2013,3860
882,10/31/2013,1681
883,11/01/2013,4102
884,11/02/2013,3218
885,11/03/2013,4054
886,11/04/2013,4871
887,11/05/2013,4640
888,11/06/2013,2612
889,11/07/2013,4080
890,11/08/2013,4459
891,11/09/2013,4972
892,11/10/2013,3850
893,11/11/2013,2273
894,11/12/2013,2960
895,11/13/2013,3133
896,11/14/2013,3598
897,11/15/2013,4098
898,11/16/2013,2101
899,11/17/2013,1420
900,11/18/2013,3269
901,12/10/2015,7213
902,12/11/2015,7299
903,12/12/2015,4730
904,12/13/2015,2430
905,12/14/2015,4913
906,12/15/2015,6349
907,12/16/2015,5494
908,12/17/2015,5123
909,12/18/2015,4560
910,12/19/2015,2101
911,12/20/2015,2667
912,12/21/2015,3776
913,12/22/2015,4997
914,12/23/2015,3519
915,12/24/2015,2133
916,12/25/2015,1103
917,12/26/2015,899
918,12/27/2015,1181
919,12/28/2015,622
920,12/29/2015,2075
921,12/30/2015,1917
922,06/15/2016,15799
923,06/16/2016,14483
924,06/17/2016,18079
925,06/18/2016,20277
926,06/19/2016,15555
927,06/20/2016,15254
928,06/21/2016,18214
929,06/22/2016,11612
930,06/23/2016,15894
931,06/24/2016,18305
932,06/25/2016,19183
933,06/26/2016,13615
934,06/27/2016,16327
935,06/28/2016,16203
936,06/29/2016,17559
937,06/30/2016,16899
938,07/09/2019,19666
939,01/01/2016,935
940,01/02/2016,1421
941,01/03/2016,1399
942,01/04/2016,3833
943,01/05/2016,4189
944,01/06/2016,4608
945,01/07/2016,5028
946,01/08/2016,3425
947,01/09/2016,1733
948,01/10/2016,993
949,01/11/2016,2194
950,01/12/2016,1964
951,01/13/2016,2440
952,01/14/2016,4529
953,01/15/2016,4210
954,01/16/2016,2203
955,01/17/2016,730
956,01/18/2016,1233
957,01/19/2016,2663
958,01/20/2016,2933
959,01/21/2016,3831
960,01/22/2016,3512
961,01/23/2016,2279
962,01/24/2016,1988
963,01/25/2016,4078
964,01/26/2016,4327
965,01/27/2016,4529
966,01/28/2016,4697
967,01/29/2016,4602
968,01/30/2016,4119
969,01/31/2016,2214
970,02/01/2016,5483
971,02/02/2016,3064
972,02/03/2016,4606
973,02/04/2016,4630
974,02/05/2016,4449
975,02/06/2016,3409
976,02/07/2016,3020
977,02/08/2016,4150
978,02/09/2016,3071
979,02/10/2016,3089
980,02/11/2016,3294
981,02/12/2016,3217
982,02/13/2016,1231
983,02/14/2016,589
984,02/15/2016,2093
985,02/16/2016,3542
986,02/17/2016,4353
987,02/18/2016,4618
988,02/19/2016,5896
989,02/20/2016,8366
990,02/21/2016,2860
991,02/22/2016,5377
992,02/23/2016,5413
993,02/24/2016,2963
994,02/25/2016,4221
995,02/26/2016,4183
996,02/27/2016,6033
997,02/28/2016,5848
998,02/29/2016,5052
999,03/01/2016,2749
1000,03/02/2016,3936
1001,03/03/2016,3511
1002,03/04/2016,4518
1003,03/05/2016,2768
1004,03/06/2016,4284
1005,03/07/2016,7556
1006,03/08/2016,10160
1007,03/09/2016,8465
1008,03/10/2016,7152
1009,03/11/2016,7859
1010,03/12/2016,5580
1011,03/13/2016,948
1012,03/14/2016,7266
1013,03/15/2016,7474
1014,03/16/2016,6410
1015,03/17/2016,8112
1016,03/18/2016,6975
1017,03/19/2016,4726
1018,03/20/2016,4178
1019,03/21/2016,7103
1020,03/22/2016,9179
1021,03/23/2016,5003
1022,03/24/2016,2127
1023,03/25/2016,5865
1024,03/26/2016,7048
1025,03/27/2016,5133
1026,03/28/2016,7014
1027,03/29/2016,9084
1028,03/30/2016,6770
1029,03/31/2016,7000
1030,04/01/2016,5781
1031,04/02/2016,2571
1032,04/03/2016,6254
1033,04/04/2016,4484
1034,04/05/2016,6209
1035,04/06/2016,3734
1036,04/07/2016,5271
1037,04/08/2016,4527
1038,04/09/2016,3024
1039,04/10/2016,1941
1040,04/11/2016,8051
1041,04/12/2016,7480
1042,04/13/2016,8120
1043,04/14/2016,9108
1044,04/15/2016,10385
1045,04/16/2016,14319
1046,04/17/2016,15323
1047,04/18/2016,12900
1048,04/19/2016,8689
1049,04/20/2016,9058
1050,04/21/2016,9334
1051,04/22/2016,7801
1052,04/23/2016,10336
1053,04/24/2016,15262
1054,04/25/2016,12536
1055,04/26/2016,7313
1056,04/27/2016,5230
1057,04/28/2016,7252
1058,04/29/2016,7692
1059,04/30/2016,1650
1060,05/01/2016,3562
1061,05/02/2016,9331
1062,05/03/2016,11596
1063,05/04/2016,7937
1064,05/05/2016,9723
1065,05/06/2016,14482
1066,05/07/2016,7697
1067,05/08/2016,12054
1068,05/09/2016,7059
1069,05/10/2016,5936
1070,05/11/2016,10240
1071,05/12/2016,10952
1072,05/13/2016,11211
1073,05/14/2016,5524
1074,05/15/2016,7837
1075,05/16/2016,12663
1076,05/17/2016,8952
1077,05/18/2016,11669
1078,05/19/2016,13753
1079,05/20/2016,12698
1080,05/21/2016,15978
1081,05/22/2016,16868
1082,05/23/2016,16190
1083,05/24/2016,16425
1084,05/25/2016,11188
1085,05/26/2016,15101
1086,05/27/2016,11934
1087,05/28/2016,15244
1088,05/29/2016,20240
1089,05/30/2016,18818
1090,05/31/2016,10457
1091,06/01/2016,11144
1092,06/02/2016,16412
1093,06/03/2016,17257
1094,06/04/2016,11715
1095,06/05/2016,16557
1096,06/06/2016,16736
1097,06/07/2016,15077
1098,06/08/2016,15763
1099,07/01/2016,16814
1100,07/02/2016,17997
1101,07/03/2016,18792
1102,07/04/2016,17745
1103,07/05/2016,17095
1104,07/06/2016,13302
1105,07/07/2016,13846
1106,07/08/2016,17506
1107,07/09/2016,21154
1108,07/10/2016,18518
1109,07/11/2016,16975
1110,07/12/2016,16516
1111,07/13/2016,13010
1112,07/14/2016,17250
1113,07/15/2016,15717
1114,07/16/2016,24989
1115,07/17/2016,17082
1116,07/18/2016,17705
1117,07/19/2016,17995
1118,07/20/2016,16965
1119,07/21/2016,14190
1120,07/22/2016,15869
1121,07/23/2016,12862
1122,07/24/2016,11026
1123,07/25/2016,16792
1124,07/26/2016,17245
1125,07/27/2016,17798
1126,07/28/2016,14292
1127,07/29/2016,14732
1128,07/30/2016,17783
1129,07/31/2016,18518
1130,08/01/2016,18538
1131,08/02/2016,17576
1132,08/03/2016,17054
1133,08/04/2016,15877
1134,08/05/2016,16445
1135,08/06/2016,19104
1136,08/07/2016,16689
1137,08/08/2016,17209
1138,08/09/2016,17160
1139,08/10/2016,16658
1140,08/11/2016,16029
1141,08/12/2016,9324
1142,08/13/2016,16685
1143,08/14/2016,16696
1144,08/15/2016,11556
1145,08/16/2016,16666
1146,08/17/2016,15603
1147,08/18/2016,13365
1148,08/19/2016,15727
1149,08/20/2016,11616
1150,08/21/2016,17420
1151,08/22/2016,17694
1152,08/23/2016,16949
1153,08/24/2016,12338
1154,08/25/2016,14820
1155,08/26/2016,17683
1156,08/27/2016,12984
1157,08/28/2016,16386
1158,08/29/2016,14935
1159,08/30/2016,11894
1160,08/31/2016,15812
1161,09/01/2016,14435
1162,09/02/2016,16399
1163,09/03/2016,17729
1164,09/04/2016,19744
1165,09/05/2016,17386
1166,09/06/2016,14778
1167,09/07/2016,13549
1168,09/08/2016,13389
1169,09/09/2016,13506
1170,09/10/2016,12260
1171,09/11/2016,15247
1172,09/12/2016,15914
1173,09/13/2016,15482
1174,09/14/2016,15434
1175,09/15/2016,16039
1176,09/16/2016,15262
1177,09/17/2016,15948
1178,09/18/2016,16112
1179,09/19/2016,17042
1180,09/20/2016,16040
1181,09/21/2016,11088
1182,09/22/2016,15220
1183,09/23/2016,15131
1184,09/24/2016,15644
1185,09/25/2016,14638
1186,09/26/2016,14034
1187,09/27/2016,14004
1188,09/28/2016,7657
1189,09/29/2016,10208
1190,09/30/2016,9871
1191,10/01/2016,5938
1192,10/02/2016,9023
1193,10/03/2016,13033
1194,10/04/2016,14147
1195,10/05/2016,14601
1196,10/06/2016,6629
1197,10/07/2016,14795
1198,10/08/2016,12884
1199,10/09/2016,12322
1200,10/10/2016,14742
1201,10/11/2016,14694
1202,10/12/2016,7601
1203,10/13/2016,12156
1204,10/14/2016,13452
1205,10/15/2016,11741
1206,10/16/2016,9145
1207,10/17/2016,14205
1208,10/18/2016,14322
1209,10/19/2016,12842
1210,10/20/2016,10759
1211,10/21/2016,9712
1212,10/22/2016,9513
1213,10/23/2016,11192
1214,10/24/2016,11622
1215,10/25/2016,10718
1216,10/26/2016,4876
1217,10/27/2016,9741
1218,10/28/2016,12319
1219,10/29/2016,12872
1220,10/30/2016,7431
1221,10/31/2016,11167
1222,11/01/2016,13503
1223,11/02/2016,8187
1224,11/03/2016,12237
1225,11/04/2016,14197
1226,11/05/2016,12464
1227,11/06/2016,12290
1228,11/07/2016,12332
1229,11/08/2016,10104
1230,11/09/2016,9927
1231,11/10/2016,10363
1232,11/11/2016,8125
1233,11/12/2016,7573
1234,11/13/2016,6493
1235,11/14/2016,9697
1236,11/15/2016,9671
1237,11/16/2016,10054
1238,11/17/2016,11105
1239,11/18/2016,7744
1240,11/19/2016,3169
1241,11/20/2016,2784
1242,11/21/2016,6711
1243,11/22/2016,6591
1244,11/23/2016,3597
1245,11/24/2016,1592
1246,11/25/2016,2736
1247,11/26/2016,3497
1248,11/27/2016,3060
1249,11/28/2016,4341
1250,11/29/2016,8825
1251,11/30/2016,7439
1252,12/01/2016,6742
1253,12/02/2016,6757
1254,12/03/2016,3609
1255,12/04/2016,1307
1256,12/05/2016,5292
1257,12/06/2016,6211
1258,12/07/2016,5329
1259,12/08/2016,4353
1260,12/09/2016,4521
1261,12/10/2016,1808
1262,01/01/2017,1727
1263,01/02/2017,1960
1264,01/03/2017,4537
1265,01/04/2017,3269
1266,01/05/2017,2917
1267,01/06/2017,2516
1268,01/07/2017,1330
1269,01/08/2017,1193
1270,01/09/2017,3816
1271,01/10/2017,3310
1272,01/11/2017,3821
1273,01/12/2017,3071
1274,01/13/2017,3676
1275,01/14/2017,2160
1276,01/15/2017,2195
1277,01/16/2017,1406
1278,01/17/2017,4704
1279,01/18/2017,5337
1280,01/19/2017,4424
1281,01/20/2017,4573
1282,01/21/2017,7697
1283,01/22/2017,3167
1284,01/23/2017,5788
1285,01/24/2017,5762
1286,01/25/2017,5080
1287,01/26/2017,4731
1288,01/27/2017,4376
1289,01/28/2017,2214
1290,01/29/2017,1623
1291,01/30/2017,4486
1292,01/31/2017,5076
1293,02/01/2017,5361
1294,02/02/2017,4251
1295,02/03/2017,4031
1296,02/04/2017,2103
1297,02/05/2017,2817
1298,02/06/2017,6063
1299,02/07/2017,4736
1300,02/08/2017,5043
1301,02/09/2017,4127
1302,02/10/2017,4722
1303,02/11/2017,4023
1304,02/12/2017,3325
1305,02/13/2017,6095
1306,02/14/2017,6740
1307,02/15/2017,5527
1308,02/16/2017,5582
1309,02/17/2017,9042
1310,02/18/2017,13481
1311,02/19/2017,11604
1312,12/11/2016,687
1313,12/12/2016,2921
1314,12/13/2016,3084
1315,12/14/2016,2702
1316,12/15/2016,2119
1317,12/16/2016,2454
1318,12/17/2016,946
1319,12/18/2016,506
1320,12/19/2016,1709
1321,12/20/2016,2973
1322,12/21/2016,3614
1323,12/22/2016,3798
1324,12/23/2016,2300
1325,12/24/2016,1016
1326,12/25/2016,364
1327,12/26/2016,1879
1328,12/27/2016,2764
1329,12/28/2016,3556
1330,12/29/2016,3039
1331,12/30/2016,2865
1332,12/31/2016,2005
1333,02/20/2017,9763
1334,02/21/2017,8267
1335,02/22/2017,10448
1336,02/23/2017,5926
1337,02/24/2017,5099
1338,02/25/2017,1944
1339,02/26/2017,3223
1340,02/27/2017,7187
1341,02/28/2017,5813
1342,03/01/2017,4456
1343,03/02/2017,5258
1344,03/03/2017,5156
1345,03/04/2017,3141
1346,03/05/2017,4836
1347,03/06/2017,7121
1348,03/07/2017,7855
1349,03/08/2017,6622
1350,03/09/2017,6320
1351,03/10/2017,5192
1352,03/11/2017,2352
1353,03/12/2017,2375
1354,03/13/2017,2535
1355,03/14/2017,1746
1356,03/15/2017,3598
1357,03/16/2017,4989
1358,03/17/2017,4819
1359,03/18/2017,3577
1360,03/19/2017,4483
1361,03/20/2017,6533
1362,03/21/2017,6920
1363,03/22/2017,5512
1364,03/23/2017,6127
1365,03/24/2017,10105
1366,03/25/2017,1675
1367,03/26/2017,3463
1368,03/27/2017,5846
1369,03/28/2017,6608
1370,03/29/2017,5876
1371,03/30/2017,3195
1372,03/31/2017,5115
1373,04/01/2017,7465
1374,04/02/2017,5707
1375,04/03/2017,4933
1376,04/04/2017,7462
1377,04/05/2017,1845
1378,04/06/2017,6322
1379,04/07/2017,7873
1380,04/08/2017,12252
1381,04/09/2017,13431
1382,04/10/2017,6522
1383,04/11/2017,8517
1384,04/12/2017,9647
1385,04/13/2017,6379
1386,04/14/2017,9492
1387,04/15/2017,17942
1388,04/16/2017,10399
1389,04/17/2017,11326
1390,04/18/2017,12931
1391,04/19/2017,8550
1392,04/20/2017,11472
1393,04/21/2017,9139
1394,04/22/2017,8594
1395,04/23/2017,12208
1396,04/24/2017,12159
1397,04/25/2017,14204
1398,04/26/2017,11924
1399,04/27/2017,7065
1400,04/28/2017,9393
1401,04/29/2017,1879
1402,04/30/2017,1622
1403,05/01/2017,6569
1404,05/02/2017,7337
1405,05/03/2017,10160
1406,05/04/2017,8801
1407,05/05/2017,8541
1408,05/06/2017,7743
1409,05/07/2017,7336
1410,05/08/2017,9848
1411,05/09/2017,8264
1412,05/10/2017,7915
1413,05/11/2017,11515
1414,05/12/2017,13277
1415,05/13/2017,15015
1416,05/14/2017,11392
1417,05/15/2017,14855
1418,05/16/2017,16166
1419,05/17/2017,14295
1420,05/18/2017,14614
1421,05/19/2017,5823
1422,05/20/2017,5119
1423,05/21/2017,10311
1424,05/22/2017,14461
1425,05/23/2017,7152
1426,05/24/2017,9367
1427,05/25/2017,12630
1428,05/26/2017,8802
1429,05/27/2017,16842
1430,05/28/2017,14464
1431,05/29/2017,16869
1432,05/30/2017,14558
1433,05/31/2017,15944
1434,06/01/2017,16364
1435,06/02/2017,18318
1436,06/03/2017,19225
1437,06/04/2017,16690
1438,06/05/2017,15967
1439,06/06/2017,16583
1440,06/07/2017,16951
1441,06/08/2017,17836
1442,06/09/2017,18233
1443,06/10/2017,19413
1444,06/11/2017,17265
1445,06/12/2017,16221
1446,06/13/2017,16461
1447,06/14/2017,11273
1448,06/15/2017,17338
1449,06/16/2017,15847
1450,06/17/2017,14816
1451,06/18/2017,16586
1452,06/19/2017,15802
1453,06/20/2017,17183
1454,06/21/2017,18728
1455,06/22/2017,17223
1456,06/23/2017,16827
1457,06/24/2017,20001
1458,06/25/2017,16818
1459,06/26/2017,17346
1460,06/27/2017,18691
1461,06/28/2017,13668
1462,06/29/2017,14637
1463,06/30/2017,16853
1464,04/01/2018,2350
1465,04/02/2018,6687
1466,04/03/2018,4270
1467,04/04/2018,5335
1468,04/05/2018,5803
1469,04/08/2018,3303
1470,04/09/2018,4211
1471,04/11/2018,9177
1472,04/12/2018,10412
1473,04/13/2018,6579
1474,04/14/2018,1438
1475,04/15/2018,1306
1476,04/16/2018,4333
1477,04/17/2018,7065
1478,04/18/2018,5054
1479,04/19/2018,7763
1480,04/23/2018,9286
1481,04/24/2018,10628
1482,04/26/2018,10911
1483,04/27/2018,8578
1484,04/28/2018,6089
1485,04/29/2018,7016
1486,04/30/2018,13987
1487,05/01/2018,15611
1488,05/06/2018,10490
1489,05/07/2018,14502
1490,05/08/2018,16843
1491,05/09/2018,11162
1492,05/10/2018,13803
1493,05/11/2018,8343
1494,05/13/2018,6454
1495,05/14/2018,8454
1496,05/15/2018,12324
1497,05/16/2018,15670
1498,05/17/2018,13261
1499,05/18/2018,10915
1500,05/19/2018,9697
1501,05/20/2018,4485
1502,05/21/2018,5448
1503,05/22/2018,13250
1504,05/23/2018,16451
1505,05/24/2018,17600
1506,05/25/2018,17341
1507,05/26/2018,17864
1508,05/27/2018,18478
1509,05/28/2018,17312
1510,05/29/2018,16933
1511,05/30/2018,13873
1512,05/31/2018,18139
1513,09/12/2017,17453
1514,04/06/2018,5915
1515,04/07/2018,3890
1516,04/10/2018,7290
1517,04/20/2018,9497
1518,04/21/2018,5600
1519,04/22/2018,7187
1520,04/25/2018,9161
1521,05/02/2018,12303
1522,05/03/2018,9074
1523,05/04/2018,14057
1524,05/05/2018,16382
1525,05/12/2018,4665
1526,06/01/2018,15368
1527,06/02/2018,13378
1528,06/03/2018,16823
1529,06/04/2018,18520
1530,06/05/2018,15717
1531,06/06/2018,17181
1532,06/07/2018,18125
1533,06/08/2018,14109
1534,06/09/2018,12661
1535,06/10/2018,6404
1536,06/12/2018,15974
1537,06/13/2018,18477
1538,06/14/2018,17658
1539,06/15/2018,18221
1540,06/16/2018,17939
1541,06/17/2018,12901
1542,06/18/2018,13838
1543,06/19/2018,16034
1544,06/20/2018,17526
1545,06/21/2018,6735
1546,06/22/2018,8046
1547,06/23/2018,17995
1548,06/24/2018,18506
1549,06/25/2018,17385
1550,06/26/2018,13276
1551,06/27/2018,17566
1552,06/28/2018,18097
1553,06/29/2018,16588
1554,06/30/2018,15136
1555,08/05/2017,20250
1556,08/06/2017,15189
1557,08/06/2018,15206
1558,08/31/2017,16719
1559,09/21/2017,16183
1560,09/22/2017,17459
1561,09/23/2017,17207
1562,09/24/2017,14845
1563,09/25/2017,16999
1564,09/26/2017,17311
1565,09/27/2017,15874
1566,09/28/2017,16466
1567,09/29/2017,15816
1568,09/30/2017,14127
1569,06/11/2018,12235
1570,07/05/2018,14231
1571,07/14/2017,18721
1572,07/07/2018,20018
1573,07/18/2018,19768
1574,07/25/2018,19732
1575,07/29/2018,18225
1576,08/02/2018,19916
1577,09/04/2017,15041
1578,09/05/2017,15647
1579,09/14/2017,17052
1580,09/15/2017,18249
1581,09/16/2017,18284
1582,09/17/2017,14750
1583,09/18/2017,17430
1584,09/19/2017,15316
1585,09/20/2017,16564
1586,08/11/2017,18842
1587,08/12/2017,20198
1588,08/25/2017,18930
1589,08/26/2017,18374
1590,08/28/2017,15604
1591,08/29/2017,15966
1592,08/30/2017,18043
1593,09/01/2017,15633
1594,09/02/2017,15270
1595,09/03/2017,20709
1596,09/06/2017,14537
1597,09/07/2017,15449
1598,09/08/2017,15216
1599,09/09/2017,15281
1600,09/10/2017,14197
1601,09/11/2017,16766
1602,09/13/2017,14358
1603,08/07/2017,19062
1604,08/08/2017,20252
1605,08/14/2017,19029
1606,08/15/2017,20333
1607,08/16/2017,15838
1608,08/17/2017,16283
1609,08/18/2017,19789
1610,08/19/2017,20797
1611,08/20/2017,16507
1612,08/21/2017,18125
1613,08/22/2017,17475
1614,08/23/2017,18906
1615,08/24/2017,17522
1616,08/27/2017,13160
1617,07/23/2017,16684
1618,07/24/2017,18370
1619,07/28/2017,19401
1620,07/30/2017,18281
1621,07/31/2017,19406
1622,08/01/2017,18649
1623,08/02/2017,20120
1624,08/03/2017,16813
1625,08/04/2017,15520
1626,08/09/2017,19515
1627,08/10/2017,17931
1628,08/13/2017,17898
1629,11/08/2017,9345
1630,11/09/2017,8271
1631,11/10/2017,4389
1632,11/19/2017,3397
1633,11/20/2017,7966
1634,11/21/2017,6731
1635,11/22/2017,5179
1636,07/13/2017,17659
1637,07/16/2017,16984
1638,07/17/2017,19553
1639,07/18/2017,19888
1640,07/19/2017,18522
1641,07/20/2017,12657
1642,07/21/2017,14520
1643,07/22/2017,17498
1644,07/25/2017,19343
1645,07/26/2017,18530
1646,07/27/2017,18246
1647,07/29/2017,20798
1648,12/21/2017,5676
1649,12/22/2017,4576
1650,12/23/2017,1727
1651,12/25/2017,240
1652,12/26/2017,779
1653,12/27/2017,1138
1654,12/28/2017,1294
1655,12/29/2017,1076
1656,12/31/2017,651
1657,07/01/2017,20080
1658,07/02/2017,19489
1659,07/03/2017,20276
1660,07/04/2017,20535
1661,07/05/2017,18199
1662,07/06/2017,18591
1663,07/07/2017,17583
1664,07/08/2017,22106
1665,07/09/2017,18678
1666,07/10/2017,12784
1667,07/11/2017,17276
1668,07/12/2017,12539
1669,07/15/2017,21945
1670,10/22/2017,6125
1671,10/23/2017,6369
1672,11/11/2017,3045
1673,11/12/2017,2152
1674,11/13/2017,8326
1675,11/14/2017,9045
1676,11/15/2017,6030
1677,11/16/2017,7889
1678,11/23/2017,1851
1679,11/24/2017,4530
1680,11/25/2017,4251
1681,11/26/2017,3606
1682,11/27/2017,9146
1683,11/28/2017,9926
1684,11/29/2017,9007
1685,11/30/2017,9270
1686,12/01/2017,9142
1687,12/02/2017,6728
1688,12/03/2017,6338
1689,12/04/2017,9089
1690,12/05/2017,5876
1691,12/06/2017,6302
1692,12/07/2017,5410
1693,12/08/2017,5266
1694,12/09/2017,1790
1695,12/10/2017,2200
1696,12/11/2017,5345
1697,12/12/2017,4521
1698,12/13/2017,5234
1699,12/14/2017,5047
1700,12/15/2017,4859
1701,12/16/2017,3808
1702,12/17/2017,3001
1703,12/18/2017,6031
1704,12/19/2017,7225
1705,12/20/2017,4076
1706,12/24/2017,403
1707,12/30/2017,548
1708,10/11/2017,7702
1709,10/12/2017,13466
1710,10/13/2017,16661
1711,10/14/2017,1563
1712,10/15/2017,6758
1713,10/16/2017,13724
1714,10/17/2017,14970
1715,10/18/2017,14726
1716,10/19/2017,15229
1717,10/20/2017,16403
1718,10/21/2017,14830
1719,10/24/2017,3747
1720,10/25/2017,11341
1721,10/26/2017,11918
1722,10/27/2017,8710
1723,10/28/2017,4664
1724,10/29/2017,5890
1725,10/30/2017,9367
1726,10/31/2017,8563
1727,11/01/2017,6327
1728,11/02/2017,7832
1729,11/03/2017,9445
1730,11/04/2017,2665
1731,11/05/2017,4614
1732,11/06/2017,8803
1733,11/07/2017,9121
1734,11/17/2017,5916
1735,11/18/2017,1664
1736,01/01/2018,375
1737,01/02/2018,1633
1738,01/03/2018,2483
1739,01/04/2018,2406
1740,01/05/2018,2222
1741,01/09/2018,5140
1742,01/25/2018,5935
1743,01/29/2018,4351
1744,01/30/2018,4932
1745,01/31/2018,5814
1746,02/01/2018,4422
1747,02/26/2018,7696
1748,02/27/2018,9305
1749,02/28/2018,7527
1750,03/01/2018,3991
1751,03/02/2018,6497
1752,03/03/2018,4476
1753,03/04/2018,4331
1754,03/05/2018,5105
1755,03/08/2018,5615
1756,03/09/2018,5987
1757,03/15/2018,7254
1758,03/16/2018,6286
1759,03/18/2018,6838
1760,03/19/2018,6777
1761,03/20/2018,5878
1762,03/21/2018,6087
1763,03/22/2018,6899
1764,03/31/2018,4118
1765,10/01/2017,12510
1766,10/02/2017,16436
1767,10/03/2017,14711
1768,10/04/2017,14740
1769,10/05/2017,16228
1770,10/06/2017,11165
1771,10/07/2017,9428
1772,10/08/2017,17280
1773,10/09/2017,18232
1774,10/10/2017,10648
1775,01/06/2018,1090
1776,01/07/2018,1074
1777,01/08/2018,4648
1778,01/10/2018,5160
1779,01/11/2018,4461
1780,01/12/2018,3228
1781,01/13/2018,1416
1782,01/14/2018,1204
1783,01/15/2018,1331
1784,01/16/2018,2837
1785,01/17/2018,3335
1786,01/18/2018,4122
1787,01/19/2018,4739
1788,01/20/2018,3945
1789,01/21/2018,2810
1790,01/22/2018,4890
1791,01/23/2018,4134
1792,01/24/2018,4914
1793,01/26/2018,6705
1794,01/27/2018,5147
1795,01/28/2018,2972
1796,02/02/2018,3346
1797,02/03/2018,2088
1798,02/04/2018,659
1799,02/08/2018,3203
1800,02/09/2018,694
1801,02/10/2018,842
1802,02/11/2018,672
1803,02/12/2018,2681
1804,02/13/2018,3755
1805,02/14/2018,4615
1806,02/15/2018,5291
1807,02/16/2018,5012
1808,02/17/2018,1957
1809,02/18/2018,2241
1810,02/19/2018,3025
1811,02/21/2018,5166
1812,02/22/2018,5713
1813,02/23/2018,5520
1814,02/24/2018,2995
1815,02/25/2018,3583
1816,03/06/2018,5369
1817,03/07/2018,5524
1818,03/10/2018,4159
1819,03/11/2018,3388
1820,03/12/2018,6685
1821,03/13/2018,5558
1822,03/14/2018,6969
1823,03/17/2018,3935
1824,03/23/2018,6592
1825,03/24/2018,3128
1826,03/25/2018,3406
1827,03/26/2018,6571
1828,03/27/2018,6220
1829,03/28/2018,7928
1830,03/29/2018,6267
1831,03/30/2018,6573
1832,02/05/2018,2128
1833,02/06/2018,2859
1834,02/07/2018,2834
1835,02/20/2018,3069
1836,07/01/2018,11652
1837,07/02/2018,18616
1838,07/03/2018,18108
1839,07/04/2018,15513
1840,07/06/2018,19229
1841,07/08/2018,17734
1842,07/09/2018,17549
1843,07/10/2018,18316
1844,07/11/2018,18856
1845,07/12/2018,18256
1846,07/15/2018,16564
1847,08/07/2018,14467
1848,08/08/2018,19929
1849,08/10/2018,19250
1850,08/21/2018,16341
1851,09/21/2018,16685
1852,09/22/2018,14524
1853,09/25/2018,12787
1854,09/26/2018,16513
1855,10/08/2018,16063
1856,10/09/2018,16495
1857,10/12/2018,9478
1858,10/19/2018,9668
1859,10/23/2018,12026
1860,10/24/2018,11308
1861,10/27/2018,7709
1862,11/01/2018,10982
1863,11/03/2018,7416
1864,07/13/2018,18047
1865,07/14/2018,12338
1866,07/16/2018,16695
1867,07/17/2018,18705
1868,07/19/2018,19112
1869,07/20/2018,14854
1870,07/21/2018,15114
1871,07/22/2018,10755
1872,07/23/2018,19456
1873,07/24/2018,19741
1874,07/26/2018,19892
1875,07/27/2018,19712
1876,08/11/2018,20204
1877,08/13/2018,18860
1878,07/28/2018,20663
1879,07/30/2018,19782
1880,07/31/2018,17470
1881,08/01/2018,19192
1882,08/03/2018,19790
1883,08/04/2018,17783
1884,08/05/2018,15419
1885,08/09/2018,17646
1886,08/12/2018,17961
1887,08/14/2018,19185
1888,08/15/2018,15556
1889,08/16/2018,18183
1890,08/17/2018,17607
1891,08/18/2018,18280
1892,08/19/2018,17123
1893,08/20/2018,13021
1894,08/22/2018,18858
1895,08/23/2018,18993
1896,08/24/2018,14131
1897,08/25/2018,15969
1898,08/26/2018,14106
1899,08/29/2018,14344
1900,08/27/2018,16289
1901,08/28/2018,13075
1902,08/30/2018,17931
1903,08/31/2018,16140
1904,09/01/2018,8649
1905,09/02/2018,16595
1906,09/03/2018,9163
1907,09/04/2018,15908
1908,09/05/2018,14771
1909,09/06/2018,9783
1910,09/07/2018,12908
1911,09/08/2018,11891
1912,09/09/2018,11586
1913,09/10/2018,16576
1914,09/11/2018,18223
1915,09/12/2018,18407
1916,09/13/2018,18068
1917,09/14/2018,18572
1918,09/15/2018,17580
1919,09/16/2018,14916
1920,09/17/2018,18237
1921,09/18/2018,16357
1922,09/19/2018,15425
1923,09/20/2018,16984
1924,09/23/2018,13542
1925,09/24/2018,15084
1926,09/27/2018,16697
1927,09/28/2018,11031
1928,09/29/2018,11357
1929,09/30/2018,9293
1930,10/01/2018,14865
1931,10/07/2018,7960
1932,10/02/2018,15178
1933,10/03/2018,16852
1934,10/04/2018,14322
1935,10/05/2018,9710
1936,10/06/2018,8454
1937,10/10/2018,12018
1938,10/11/2018,12165
1939,10/13/2018,8271
1940,10/14/2018,8622
1941,10/15/2018,10600
1942,10/16/2018,11785
1943,10/17/2018,11669
1944,10/18/2018,12644
1945,10/20/2018,5840
1946,10/21/2018,6520
1947,10/22/2018,12653
1948,11/05/2018,9684
1949,11/23/2018,2824
1950,10/25/2018,11194
1951,10/26/2018,10993
1952,10/28/2018,4629
1953,10/29/2018,11426
1954,10/30/2018,12178
1955,10/31/2018,11645
1956,11/02/2018,10174
1957,11/04/2018,2340
1958,11/06/2018,8917
1959,11/07/2018,8696
1960,11/08/2018,9052
1961,11/09/2018,5725
1962,11/10/2018,3558
1963,11/11/2018,3682
1964,11/12/2018,6781
1965,11/13/2018,6523
1966,11/14/2018,7133
1967,11/15/2018,6210
1968,11/16/2018,7325
1969,11/17/2018,2491
1970,11/18/2018,3460
1971,11/19/2018,6765
1972,11/20/2018,6429
1973,11/21/2018,5050
1974,11/22/2018,1294
1975,11/24/2018,3059
1976,11/25/2018,1374
1977,11/26/2018,1873
1978,11/27/2018,3837
1979,11/28/2018,4534
1980,11/29/2018,5309
1981,11/30/2018,6277
1982,12/01/2018,1713
1983,12/02/2018,2542
1984,12/03/2018,5306
1985,12/06/2018,5946
1986,12/20/2018,6551
1987,01/08/2019,6951
1988,07/10/2019,18099
1989,07/11/2019,18724
1990,07/12/2019,20870
1991,07/13/2019,20574
1992,07/14/2019,19625
1993,07/15/2019,18368
1994,07/16/2019,16133
1995,07/17/2019,17965
1996,12/04/2018,6152
1997,12/05/2018,6008
1998,12/07/2018,4915
1999,12/08/2018,2777
2000,12/09/2018,2914
2001,12/10/2018,5684
2002,12/11/2018,6270
2003,12/12/2018,6417
2004,12/13/2018,5934
2005,12/14/2018,5870
2006,12/15/2018,4079
2007,12/16/2018,4072
2008,12/17/2018,6884
2009,12/18/2018,6941
2010,12/19/2018,7242
2011,12/21/2018,4536
2012,12/22/2018,2252
2013,12/23/2018,1814
2014,12/24/2018,1743
2015,12/25/2018,1209
2016,12/26/2018,3546
2017,12/27/2018,2332
2018,12/28/2018,3215
2019,12/29/2018,1340
2020,12/30/2018,1586
2021,12/31/2018,1182
2022,01/01/2019,1312
2023,01/02/2019,4170
2024,01/03/2019,5618
2025,01/04/2019,6793
2026,01/05/2019,6179
2027,01/06/2019,3677
2028,01/07/2019,4731
2029,01/09/2019,5100
2030,01/10/2019,5245
2031,01/11/2019,5750
2032,01/12/2019,1394
2033,01/13/2019,1759
2034,01/14/2019,5074
2035,01/15/2019,5246
2036,01/16/2019,5725
2037,01/17/2019,5682
2038,01/18/2019,4993
2039,01/19/2019,528
2040,01/20/2019,757
2041,01/21/2019,1646
2042,01/22/2019,2883
2043,01/23/2019,2995
2044,01/24/2019,3210
2045,01/25/2019,1726
2046,01/26/2019,826
2047,01/27/2019,708
2048,01/28/2019,1034
2049,01/29/2019,1041
2050,01/30/2019,165
2051,01/31/2019,354
2052,02/01/2019,1790
2053,02/02/2019,1905
2054,02/03/2019,2582
2055,02/04/2019,5594
2056,02/05/2019,5248
2057,03/18/2019,7020
2058,03/20/2019,4970
2059,03/22/2019,6971
2060,03/31/2019,3004
2061,07/18/2019,12895
2062,07/19/2019,16420
2063,07/20/2019,15600
2064,07/21/2019,12589
2065,07/22/2019,19826
2066,07/23/2019,20444
2067,07/24/2019,20743
2068,07/25/2019,20664
2069,07/26/2019,20208
2070,02/06/2019,5484
2071,02/07/2019,3956
2072,02/08/2019,2882
2073,02/09/2019,1948
2074,02/10/2019,1417
2075,02/11/2019,4071
2076,02/12/2019,2368
2077,02/13/2019,3681
2078,02/14/2019,5710
2079,02/15/2019,3748
2080,02/16/2019,2240
2081,02/17/2019,1002
2082,02/18/2019,2227
2083,02/19/2019,4539
2084,02/20/2019,3393
2085,02/21/2019,5031
2086,02/22/2019,5253
2087,02/23/2019,1314
2088,02/24/2019,1386
2089,02/25/2019,3878
2090,02/26/2019,4183
2091,02/27/2019,4790
2092,02/28/2019,4566
2093,03/01/2019,4989
2094,03/02/2019,2443
2095,03/03/2019,1649
2096,03/04/2019,2721
2097,03/05/2019,3556
2098,03/06/2019,4395
2099,03/07/2019,4754
2100,03/08/2019,4992
2101,03/09/2019,2085
2102,03/10/2019,2263
2103,03/11/2019,6235
2104,03/12/2019,7815
2105,03/13/2019,6354
2106,03/14/2019,6887
2107,03/15/2019,5510
2108,03/16/2019,4243
2109,03/17/2019,4544
2110,03/19/2019,8543
2111,03/21/2019,6555
2112,03/23/2019,6668
2113,03/24/2019,3251
2114,03/25/2019,6168
2115,03/26/2019,7320
2116,03/27/2019,9192
2117,03/28/2019,9335
2118,03/29/2019,7650
2119,03/30/2019,3529
2120,04/03/2019,9217
2121,04/09/2019,13327
2122,04/16/2019,12179
2123,04/19/2019,6515
2124,04/24/2019,12080
2125,05/04/2019,11370
2126,07/01/2019,19281
2127,07/02/2019,15708
2128,07/03/2019,18138
2129,07/06/2019,18487
2130,07/27/2019,20717
2131,07/28/2019,17742
2132,07/29/2019,15073
2133,07/30/2019,20724
2134,07/31/2019,20868
2135,08/01/2019,20957
2136,08/02/2019,21777
2137,08/03/2019,23002
2138,08/04/2019,19955
2139,08/05/2019,19865
2140,04/01/2019,7560
2141,04/02/2019,8696
2142,04/04/2019,4675
2143,04/05/2019,8616
2144,04/06/2019,10132
2145,04/07/2019,6604
2146,04/08/2019,13947
2147,04/10/2019,6212
2148,04/11/2019,8699
2149,04/12/2019,8604
2150,04/13/2019,8363
2151,04/14/2019,692
2152,04/15/2019,8706
2153,04/17/2019,12467
2154,04/18/2019,6478
2155,04/20/2019,8152
2156,04/21/2019,13159
2157,04/22/2019,14617
2158,04/23/2019,11029
2159,04/25/2019,12646
2160,04/26/2019,13726
2161,04/27/2019,1633
2162,04/28/2019,6635
2163,04/29/2019,5169
2164,04/30/2019,4775
2165,05/01/2019,8854
2166,05/02/2019,6064
2167,05/03/2019,10254
2168,05/05/2019,16370
2169,05/06/2019,10751
2170,05/07/2019,8073
2171,05/09/2019,11687
2172,05/13/2019,12645
2173,05/15/2019,16457
2174,05/16/2019,13987
2175,05/18/2019,10365
2176,05/22/2019,17102
2177,05/23/2019,17999
2178,05/27/2019,7323
2179,05/29/2019,14717
2180,06/05/2019,16804
2181,06/08/2019,18766
2182,06/20/2019,13453
2183,06/22/2019,19941
2184,06/24/2019,15249
2185,06/25/2019,20484
2186,06/26/2019,19872
2187,06/28/2019,17915
2188,06/29/2019,21418
2189,06/30/2019,13882
2190,07/04/2019,17174
2191,07/05/2019,16562
2192,07/07/2019,13055
2193,07/08/2019,14373
2194,08/06/2019,20224
2195,08/07/2019,21182
2196,08/08/2019,21506
2197,08/09/2019,21320
2198,08/10/2019,22295
2199,08/11/2019,17500
2200,08/12/2019,13007
2201,08/13/2019,19085
2202,08/14/2019,18295
2203,08/15/2019,20723
2204,08/16/2019,19799
2205,08/17/2019,14822
2206,08/18/2019,14136
2207,08/19/2019,19618
2208,08/20/2019,15744
2209,08/21/2019,19374
2210,08/22/2019,20889
2211,08/23/2019,20779
2212,08/24/2019,21589
2213,08/25/2019,17678
2214,08/26/2019,10277
2215,08/27/2019,19595
2216,08/28/2019,19677
2217,08/29/2019,19328
2218,08/30/2019,18825
2219,08/31/2019,17361
2220,09/01/2019,16751
2221,09/02/2019,18934
2222,09/03/2019,13481
2223,09/04/2019,18383
2224,05/08/2019,10803
2225,05/10/2019,11441
2226,05/11/2019,5125
2227,05/12/2019,4939
2228,05/14/2019,14973
2229,05/17/2019,9201
2230,05/19/2019,9514
2231,05/20/2019,12202
2232,05/21/2019,8386
2233,05/24/2019,11301
2234,05/25/2019,16482
2235,05/26/2019,12761
2236,05/28/2019,10875
2237,05/30/2019,16271
2238,05/31/2019,19166
2239,06/01/2019,11292
2240,06/02/2019,16173
2241,06/03/2019,15350
2242,06/04/2019,15878
2243,06/06/2019,16804
2244,06/07/2019,18401
2245,06/09/2019,9638
2246,06/10/2019,17641
2247,06/11/2019,19054
2248,06/12/2019,11725
2249,06/13/2019,14815
2250,06/14/2019,18933
2251,06/15/2019,7676
2252,06/16/2019,9510
2253,06/17/2019,15283
2254,06/18/2019,17358
2255,06/19/2019,13894
2256,06/21/2019,17939
2257,06/23/2019,11105
2258,06/27/2019,19142
2259,09/05/2019,20129
2260,09/06/2019,17138
2261,09/07/2019,18704
2262,09/08/2019,10430
2263,09/09/2019,17027
2264,09/10/2019,18278
2265,09/11/2019,18079
2266,09/12/2019,17715
2267,09/13/2019,16447
2268,09/14/2019,20696
2269,09/15/2019,13371
2270,09/16/2019,17615
2271,09/17/2019,18969
2272,09/18/2019,19463
2273,09/19/2019,19532
2274,09/20/2019,19849
2275,09/21/2019,14369
2276,09/22/2019,6901
2277,09/23/2019,18694
2278,09/24/2019,19718
2279,09/25/2019,18299
2280,09/26/2019,19256
2281,09/28/2019,9362
2282,09/29/2019,8282
2283,09/30/2019,18256
2284,09/27/2019,9091
